id,name,glottocode,year,map_name_full,note
1,Central Breton,bret1244,1900,Fig. 3.,
2,Danish,dani1285,1900,Fig. 3.,
3,Faroese,faro1244,1900,Fig. 3.,
4,Fering,nort2626,1900,Fig. 3.,
5,Irish English,iris1255,1900,Fig. 3.,
6,JÃ¨rriais,jerr1238,1900,Fig. 3.,
7,Late Cornish,corn1251,1900,Fig. 3.,
8,Manx,manx1243,1900,Fig. 3.,
9,Middle Breton,midd1359,1200,Fig. 2.,
10,Middle Cornish,midd1380,1200,Fig. 2.,
11,Middle Dutch,midd1321,1200,Fig. 2.,
12,Middle English,midd1317,1200,Fig. 2.,
13,Middle High German,midd1343,1200,Fig. 2.,
14,Middle Irish,midd1360,1200,Fig. 2.,
15,Middle Low German,midd1318,1200,Fig. 2.,
16,Middle Welsh,midd1363,1200,Fig. 2.,
17,Modern British English,stan1293,1900,Fig. 3.,
18,Modern Dutch,dutc1256,1900,Fig. 3.,
19,Modern High German,stan1295,1900,Fig. 3.,
20,Modern Icelandic,icel1247,1900,Fig. 3.,
21,Modern Irish,iris1253,1900,Fig. 3.,
22,Modern Low German Dithmarschen,dith1234,1900,Fig. 3.,
23,Modern Low German East Frisia,east2288,1900,Fig. 3.,
24,Modern Standard French,stan1290,1900,Fig. 3.,
25,Modern West Frisian,mode1264,1900,Fig. 3.,
26,Moyen Picard,pica1241,1200,Fig. 2.,
27,Normand,norm1245,1900,Fig. 3.,
28,Northern Welsh,nort2668,1900,Fig. 3.,
29,Norwegian,norw1258,1900,Fig. 3.,
30,Old Dutch,oldd1238,800,Fig. 1.,
31,Old English,olde1238,800,Fig. 1.,
32,Old French (Anglo-Norman),angl1258,1200,Fig. 2.,
33,Old French (Anglo-Norman),angl1258,800,Fig. 1.,
34,Old French (Francien),oldf1239,1200,Fig. 2.,
35,Old French (Francien),oldf1239,800,Fig. 1.,
36,Old Frisian,oldf1241,1200,Fig. 2.,
37,Old High German,oldh1241,800,Fig. 1.,
38,Old Irish,oldi1246,800,Fig. 1.,
39,Old Norse,oldn1244,1200,Fig. 2.,
40,Old Norse,oldn1244,800,Fig. 1.,
41,Old Saxon,olds1250,800,Fig. 1.,
42,Older Scots,scot1243,1200,Fig. 2.,
43,Picard,pica1241,1900,Fig. 3.,
44,Scots,scot1243,1900,Fig. 3.,
45,Scottish Gaelic,scot1245,1900,Fig. 3.,
46,Southern Welsh,sout2673,1900,Fig. 3.,
